USE ecommerce;

-- ---------------------------------------------------------------------------
-- Products
-- ---------------------------------------------------------------------------

INSERT INTO products (id, name, price, imageUrl, description) VALUES
(1, 'Sleek Smartwatch', 199.99,
 'https://picsum.photos/id/20/300/200',
 'A modern smartwatch with fitness tracking, heart-rate monitoring, and notifications'),

(2, 'Wireless Earbuds', 79.99,
 'https://picsum.photos/id/1/300/200',
 'Compact wireless earbuds with noise isolation and long battery life'),

(3, 'Portable Power Bank', 49.99,
 'https://picsum.photos/id/26/300/200',
 'A 20000mAh portable power bank with USB-C fast charging'),

(4, 'HD Action Camera', 129.99,
 'https://picsum.photos/id/96/300/200',
 'A durable waterproof HD action camera for outdoor and adventure recording'),

(5, 'Mechanical Keyboard', 89.99,
 'https://picsum.photos/id/180/300/200',
 'A compact mechanical keyboard with tactile switches and adjustable backlighting'),

(6, 'Ergonomic Wireless Mouse', 59.99,
 'https://picsum.photos/id/1060/300/200',
 'An ergonomic wireless mouse with programmable buttons and adjustable sensitivity'),

(7, 'USB-C Hub', 44.99,
 'https://picsum.photos/id/0/300/200',
 'A seven-port USB-C hub with HDMI, USB-A, SD card, and power delivery support'),

(8, 'Adjustable Laptop Stand', 39.99,
 'https://picsum.photos/id/48/300/200',
 'An aluminium laptop stand with adjustable height and improved airflow'),

(9, '27-inch 4K Monitor', 349.99,
 'https://picsum.photos/id/60/300/200',
 'A 27-inch 4K monitor with an IPS display, HDR support, and USB-C connectivity'),

(10, 'Smart Home Speaker', 99.99,
 'https://picsum.photos/id/1080/300/200',
 'A voice-controlled smart speaker for music, reminders, timers, and home automation'),

(11, 'Noise-Cancelling Headphones', 249.99,
 'https://picsum.photos/id/3/300/200',
 'Over-ear wireless headphones with active noise cancellation and a thirty-hour battery'),

(12, 'Fitness Tracker', 69.99,
 'https://picsum.photos/id/21/300/200',
 'A lightweight fitness tracker with sleep monitoring, step counting, and workout modes'),

(13, 'Portable Mini Projector', 289.99,
 'https://picsum.photos/id/119/300/200',
 'A compact portable projector with full HD playback and wireless screen mirroring'),

(14, 'Travel Tech Organizer', 24.99,
 'https://picsum.photos/id/250/300/200',
 'A water-resistant organizer for cables, chargers, adapters, and small accessories'),

(15, 'Full HD Webcam', 74.99,
 'https://picsum.photos/id/366/300/200',
 'A full HD webcam with autofocus, a privacy cover, and a built-in microphone'),

(16, 'Bluetooth Tracker Pack', 39.99,
 'https://picsum.photos/id/30/300/200',
 'A pack of four Bluetooth trackers for locating keys, bags, and other belongings');


-- ---------------------------------------------------------------------------
-- Users
--
-- The password value below is a bcrypt-compatible demo hash.
-- Replace it with hashes generated by your application when necessary.
-- ---------------------------------------------------------------------------

INSERT INTO users
(id, name, email, password, salutation, country, created_at)
VALUES
(1, 'Aisha Tan', 'aisha.tan@example.com',
 '$2b$10$EixZaYVK1fsbw1ZfbX3OXePaWxn96p36knlrmSGwKiO9Yc8Yr7z2e',
 'Ms', 'Singapore', '2025-11-12 09:15:00'),

(2, 'Benjamin Carter', 'ben.carter@example.com',
 '$2b$10$EixZaYVK1fsbw1ZfbX3OXePaWxn96p36knlrmSGwKiO9Yc8Yr7z2e',
 'Mr', 'United States', '2025-12-03 14:30:00'),

(3, 'Chloe Martin', 'chloe.martin@example.com',
 '$2b$10$EixZaYVK1fsbw1ZfbX3OXePaWxn96p36knlrmSGwKiO9Yc8Yr7z2e',
 'Ms', 'France', '2026-01-18 10:05:00'),

(4, 'Daniel Kim', 'daniel.kim@example.com',
 '$2b$10$EixZaYVK1fsbw1ZfbX3OXePaWxn96p36knlrmSGwKiO9Yc8Yr7z2e',
 'Mr', 'South Korea', '2026-02-02 17:45:00'),

(5, 'Elena Rossi', 'elena.rossi@example.com',
 '$2b$10$EixZaYVK1fsbw1ZfbX3OXePaWxn96p36knlrmSGwKiO9Yc8Yr7z2e',
 'Ms', 'Italy', '2026-02-19 11:20:00'),

(6, 'Farhan Rahman', 'farhan.rahman@example.com',
 '$2b$10$EixZaYVK1fsbw1ZfbX3OXePaWxn96p36knlrmSGwKiO9Yc8Yr7z2e',
 'Mr', 'Malaysia', '2026-03-07 08:55:00'),

(7, 'Grace Lee', 'grace.lee@example.com',
 '$2b$10$EixZaYVK1fsbw1ZfbX3OXePaWxn96p36knlrmSGwKiO9Yc8Yr7z2e',
 'Ms', 'Singapore', '2026-03-22 16:10:00'),

(8, 'Hiroshi Sato', 'hiroshi.sato@example.com',
 '$2b$10$EixZaYVK1fsbw1ZfbX3OXePaWxn96p36knlrmSGwKiO9Yc8Yr7z2e',
 'Mr', 'Japan', '2026-04-05 13:40:00'),

(9, 'Isla Brown', 'isla.brown@example.com',
 '$2b$10$EixZaYVK1fsbw1ZfbX3OXePaWxn96p36knlrmSGwKiO9Yc8Yr7z2e',
 'Ms', 'United Kingdom', '2026-04-28 19:25:00'),

(10, 'Javier Morales', 'javier.morales@example.com',
 '$2b$10$EixZaYVK1fsbw1ZfbX3OXePaWxn96p36knlrmSGwKiO9Yc8Yr7z2e',
 'Mr', 'Spain', '2026-05-13 12:00:00');


-- ---------------------------------------------------------------------------
-- Marketing preferences
-- ---------------------------------------------------------------------------

INSERT INTO marketing_preferences (id, preference) VALUES
(1, 'Email Marketing'),
(2, 'SMS Marketing'),
(3, 'Product Updates'),
(4, 'Special Promotions');


INSERT INTO user_marketing_preferences
(id, user_id, preference_id)
VALUES
(1, 1, 1),
(2, 1, 3),

(3, 2, 2),
(4, 2, 4),

(5, 3, 1),

(6, 4, 1),
(7, 4, 2),

(8, 5, 4),

(9, 6, 1),
(10, 6, 2),
(11, 6, 3),

(12, 7, 1),
(13, 7, 4),

(14, 8, 3),

(15, 9, 1),

(16, 10, 2),
(17, 10, 4);


-- ---------------------------------------------------------------------------
-- Active shopping carts
-- ---------------------------------------------------------------------------

INSERT INTO cart_items
(id, user_id, product_id, quantity)
VALUES
(1, 1, 10, 1),

(2, 2, 11, 1),
(3, 2, 14, 2),

(4, 3, 5, 1),

(5, 4, 3, 2),
(6, 4, 7, 1),

(7, 6, 13, 1),

(8, 8, 8, 1),
(9, 8, 15, 1),

(10, 9, 12, 2),

(11, 10, 2, 1);


-- ---------------------------------------------------------------------------
-- Orders
-- ---------------------------------------------------------------------------

INSERT INTO orders
(id, user_id, total, status, checkout_session_id, created_at)
VALUES
(1, 1, 279.98, 'completed',
 'cs_test_completed_001', '2026-04-03 10:15:00'),

(2, 1, 94.97, 'shipping',
 'cs_test_shipping_002', '2026-07-15 09:20:00'),

(3, 2, 389.98, 'pending',
 'cs_test_pending_003', '2026-07-19 14:45:00'),

(4, 3, 129.99, 'cancelled',
 'cs_test_cancelled_004', '2026-05-08 11:30:00'),

(5, 4, 309.98, 'processing',
 'cs_test_processing_005', '2026-07-18 16:10:00'),

(6, 5, 164.98, 'completed',
 'cs_test_completed_006', '2026-05-21 13:05:00'),

(7, 6, 139.97, 'completed',
 'cs_test_completed_007', '2026-06-02 18:40:00'),

(8, 7, 169.98, 'shipping',
 'cs_test_shipping_008', '2026-07-16 08:35:00'),

(9, 8, 369.98, 'pending',
 NULL, '2026-07-20 09:05:00'),

(10, 9, 119.96, 'completed',
 'cs_test_completed_010', '2026-06-18 15:50:00'),

(11, 10, 219.97, 'processing',
 'cs_test_processing_011', '2026-07-17 12:25:00'),

(12, 2, 174.97, 'completed',
 'cs_test_completed_012', '2026-04-26 17:15:00'),

(13, 3, 269.98, 'shipping',
 'cs_test_shipping_013', '2026-07-14 10:55:00'),

(14, 5, 409.97, 'pending',
 'cs_test_pending_014', '2026-07-20 08:30:00'),

(15, 6, 349.99, 'cancelled',
 'cs_test_cancelled_015', '2026-06-29 20:10:00');


-- ---------------------------------------------------------------------------
-- Order items
-- ---------------------------------------------------------------------------

INSERT INTO order_items
(id, order_id, product_id, quantity)
VALUES
-- Order 1: 199.99 + 79.99 = 279.98
(1, 1, 1, 1),
(2, 1, 2, 1),

-- Order 2: 44.99 + (24.99 * 2) = 94.97
(3, 2, 7, 1),
(4, 2, 14, 2),

-- Order 3: 349.99 + 39.99 = 389.98
(5, 3, 9, 1),
(6, 3, 8, 1),

-- Order 4: 129.99
(7, 4, 4, 1),

-- Order 5: 249.99 + 59.99 = 309.98
(8, 5, 11, 1),
(9, 5, 6, 1),

-- Order 6: 89.99 + 74.99 = 164.98
(10, 6, 5, 1),
(11, 6, 15, 1),

-- Order 7: (49.99 * 2) + 39.99 = 139.97
(12, 7, 3, 2),
(13, 7, 16, 1),

-- Order 8: 99.99 + 69.99 = 169.98
(14, 8, 10, 1),
(15, 8, 12, 1),

-- Order 9: 289.99 + 79.99 = 369.98
(16, 9, 13, 1),
(17, 9, 2, 1),

-- Order 10: (24.99 * 3) + 44.99 = 119.96
(18, 10, 14, 3),
(19, 10, 7, 1),

-- Order 11: 129.99 + 49.99 + 39.99 = 219.97
(20, 11, 4, 1),
(21, 11, 3, 1),
(22, 11, 16, 1),

-- Order 12: 59.99 + 39.99 + 74.99 = 174.97
(23, 12, 6, 1),
(24, 12, 8, 1),
(25, 12, 15, 1),

-- Order 13: 199.99 + 69.99 = 269.98
(26, 13, 1, 1),
(27, 13, 12, 1),

-- Order 14: 249.99 + (79.99 * 2) = 409.97
(28, 14, 11, 1),
(29, 14, 2, 2),

-- Order 15: 349.99
(30, 15, 9, 1);